<?xml version="1.0" encoding="utf-8"?>
<modification>
 <name>stopguestcheckout</name>
  <version>1.0</version>
  <author>Aryan Kabir</author>
  <link>https://github.com/n3o-d4rk3r/opencart-bugs-fix</link>
  <code>StopGuestCheckout</code>


  <file path="catalog/controller/checkout/guest.php">
    <operation>
      <search><![CDATA[if ((utf8_strlen($this->request->post['telephone'])]]></search>
      <add position="before"><![CDATA[$this->load->model('account/customer');

if ($this->model_account_customer->getTotalCustomersByEmail($this->request->post['email'])) {
	$json['error']['warning'] = $this->language->get('error_exists');
}]]></add>
    </operation>

  </file>

</modification>